product_id,product_name,category
1,Product 1,Category 1
2,Product 2,Category 2
3,Product 3,Category 3
4,Product 4,Category 4
5,Product 5,Category 0
6,Product 6,Category 1
7,Product 7,Category 2
8,Product 8,Category 3
9,Product 9,Category 4
10,Product 10,Category 0
11,Product 11,Category 1
12,Product 12,Category 2
13,Product 13,Category 3
14,Product 14,Category 4
15,Product 15,Category 0
16,Product 16,Category 1
17,Product 17,Category 2
18,Product 18,Category 3
19,Product 19,Category 4
20,Product 20,Category 0
21,Product 21,Category 1
22,Product 22,Category 2
23,Product 23,Category 3
24,Product 24,Category 4
25,Product 25,Category 0
26,Product 26,Category 1
27,Product 27,Category 2
28,Product 28,Category 3
29,Product 29,Category 4
30,Product 30,Category 0
31,Product 31,Category 1
32,Product 32,Category 2
33,Product 33,Category 3
34,Product 34,Category 4
35,Product 35,Category 0
36,Product 36,Category 1
37,Product 37,Category 2
38,Product 38,Category 3
39,Product 39,Category 4
40,Product 40,Category 0
41,Product 41,Category 1
42,Product 42,Category 2
43,Product 43,Category 3
44,Product 44,Category 4
45,Product 45,Category 0
46,Product 46,Category 1
47,Product 47,Category 2
48,Product 48,Category 3
49,Product 49,Category 4
50,Product 50,Category 0