respondent_id,rating,comment
0,10,"Great service"
1,0,"Fantastic!"
2,4,"Average experience"
3,3,"Average experience"
4,1,"Fantastic!"
5,8,"Great service"
6,9,"Loved it"
7,0,"Great service"
8,1,"Average experience"
9,3,"Could be better"
10,9,"Great service"
11,8,"Average experience"
12,10,"Fantastic!"
13,8,"Loved it"
14,3,"Loved it"
15,9,"Poor support"
16,0,"Average experience"
17,6,"Poor support"
18,4,"Average experience"
19,3,"Poor support"
20,1,"Great service"
21,6,"Great service"
22,5,"Poor support"
23,9,"Poor support"
24,0,"Fantastic!"
25,7,"Could be better"
26,1,"Loved it"
27,1,"Could be better"
28,4,"Fantastic!"
29,9,"Poor support"
30,9,"Average experience"
31,1,"Great service"
32,10,"Average experience"
33,4,"Great service"
34,3,"Great service"
35,6,"Poor support"
36,7,"Fantastic!"
37,5,"Average experience"
38,5,"Poor support"
39,3,"Fantastic!"
40,4,"Fantastic!"
41,10,"Fantastic!"
42,1,"Could be better"
43,10,"Average experience"
44,8,"Fantastic!"
45,3,"Average experience"
46,7,"Loved it"
47,4,"Fantastic!"
48,8,"Average experience"
49,10,"Poor support"
50,0,"Average experience"
51,0,"Poor support"
52,6,"Poor support"
53,1,"Average experience"
54,9,"Fantastic!"
55,5,"Average experience"
56,10,"Loved it"
57,6,"Fantastic!"
58,7,"Average experience"
59,4,"Average experience"
60,3,"Fantastic!"
61,8,"Could be better"
62,4,"Fantastic!"
63,9,"Loved it"
64,9,"Loved it"
65,5,"Average experience"
66,2,"Could be better"
67,7,"Great service"
68,0,"Great service"
69,2,"Fantastic!"
70,2,"Fantastic!"
71,6,"Could be better"
72,1,"Loved it"
73,6,"Could be better"
74,7,"Could be better"
75,4,"Could be better"
76,0,"Fantastic!"
77,1,"Fantastic!"
78,8,"Poor support"
79,10,"Poor support"
80,1,"Poor support"
81,6,"Average experience"
82,7,"Great service"
83,4,"Could be better"
84,2,"Could be better"
85,1,"Fantastic!"
86,4,"Fantastic!"
87,8,"Could be better"
88,3,"Average experience"
89,5,"Average experience"
90,8,"Could be better"
91,0,"Could be better"
92,5,"Loved it"
93,0,"Great service"
94,5,"Poor support"
95,3,"Great service"
96,3,"Could be better"
97,1,"Great service"
98,7,"Great service"
99,8,"Average experience"
100,2,"Fantastic!"
101,7,"Could be better"
102,2,"Poor support"
103,8,"Could be better"
104,6,"Average experience"
105,8,"Fantastic!"
106,3,"Fantastic!"
107,4,"Loved it"
108,10,"Fantastic!"
109,5,"Loved it"
110,8,"Loved it"
111,1,"Average experience"
112,3,"Great service"
113,5,"Great service"
114,9,"Could be better"
115,3,"Could be better"
116,3,"Great service"
117,1,"Fantastic!"
118,10,"Great service"
119,3,"Great service"
120,0,"Poor support"
121,1,"Could be better"
122,3,"Poor support"
123,10,"Loved it"
124,3,"Could be better"
125,2,"Fantastic!"
126,9,"Could be better"
127,7,"Average experience"
128,7,"Loved it"
129,3,"Great service"
130,1,"Fantastic!"
131,6,"Poor support"
132,6,"Loved it"
133,7,"Fantastic!"
134,0,"Fantastic!"
135,10,"Fantastic!"
136,1,"Great service"
137,6,"Fantastic!"
138,5,"Great service"
139,3,"Average experience"
140,3,"Could be better"
141,7,"Average experience"
142,6,"Average experience"
143,4,"Loved it"
144,3,"Great service"
145,7,"Could be better"
146,1,"Great service"
147,10,"Could be better"
148,0,"Great service"
149,3,"Average experience"
150,6,"Loved it"
151,7,"Average experience"
152,6,"Great service"
153,2,"Loved it"
154,0,"Loved it"
155,4,"Loved it"
156,4,"Loved it"
157,8,"Fantastic!"
158,7,"Average experience"
159,3,"Poor support"
160,3,"Great service"
161,9,"Fantastic!"
162,8,"Great service"
163,5,"Great service"
164,0,"Could be better"
165,7,"Could be better"
166,8,"Average experience"
167,0,"Could be better"
168,1,"Average experience"
169,1,"Could be better"
170,1,"Fantastic!"
171,3,"Loved it"
172,1,"Could be better"
173,3,"Could be better"
174,9,"Great service"
175,9,"Great service"
176,6,"Fantastic!"
177,9,"Could be better"
178,8,"Poor support"
179,4,"Average experience"
180,10,"Fantastic!"
181,5,"Average experience"
182,4,"Loved it"
183,2,"Fantastic!"
184,10,"Poor support"
185,7,"Poor support"
186,1,"Great service"
187,7,"Could be better"
188,9,"Great service"
189,1,"Could be better"
190,3,"Could be better"
191,4,"Average experience"
192,5,"Great service"
193,3,"Poor support"
194,4,"Average experience"
195,7,"Could be better"
196,4,"Could be better"
197,10,"Could be better"
198,0,"Fantastic!"
199,8,"Poor support"
200,10,"Great service"
201,2,"Poor support"
202,1,"Great service"
203,8,"Average experience"
204,4,"Poor support"
205,9,"Average experience"
206,5,"Average experience"
207,10,"Fantastic!"
208,4,"Could be better"
209,7,"Poor support"
210,0,"Great service"
211,10,"Loved it"
212,4,"Great service"
213,0,"Poor support"
214,2,"Fantastic!"
215,4,"Average experience"
216,7,"Could be better"
217,6,"Could be better"
218,0,"Great service"
219,1,"Fantastic!"
220,2,"Could be better"
221,0,"Poor support"
222,9,"Could be better"
223,2,"Loved it"
224,2,"Great service"
225,4,"Poor support"
226,0,"Poor support"
227,3,"Fantastic!"
228,3,"Fantastic!"
229,1,"Poor support"
230,8,"Loved it"
231,9,"Fantastic!"
232,2,"Average experience"
233,2,"Average experience"
234,6,"Great service"
235,2,"Fantastic!"
236,5,"Loved it"
237,10,"Fantastic!"
238,3,"Poor support"
239,2,"Fantastic!"
240,1,"Loved it"
241,0,"Loved it"
242,3,"Average experience"
243,7,"Poor support"
244,4,"Average experience"
245,3,"Great service"
246,10,"Average experience"
247,6,"Poor support"
248,4,"Great service"
249,4,"Poor support"
250,10,"Could be better"
251,6,"Fantastic!"
252,8,"Poor support"
253,0,"Great service"
254,4,"Average experience"
255,9,"Poor support"
256,0,"Great service"
257,9,"Loved it"
258,5,"Fantastic!"
259,5,"Loved it"
260,9,"Could be better"
261,1,"Loved it"
262,9,"Average experience"
263,4,"Great service"
264,6,"Great service"
265,8,"Could be better"
266,10,"Fantastic!"
267,10,"Average experience"
268,5,"Loved it"
269,1,"Fantastic!"
270,5,"Could be better"
271,5,"Fantastic!"
272,1,"Fantastic!"
273,4,"Could be better"
274,4,"Fantastic!"
275,6,"Poor support"
276,6,"Fantastic!"
277,4,"Could be better"
278,2,"Average experience"
279,6,"Fantastic!"
280,6,"Fantastic!"
281,2,"Could be better"
282,9,"Poor support"
283,6,"Could be better"
284,0,"Poor support"
285,4,"Average experience"
286,6,"Could be better"
287,9,"Fantastic!"
288,5,"Loved it"
289,7,"Loved it"
290,10,"Average experience"
291,8,"Loved it"
292,2,"Fantastic!"
293,1,"Poor support"
294,8,"Fantastic!"
295,10,"Could be better"
296,5,"Great service"
297,3,"Fantastic!"
298,4,"Average experience"
299,3,"Average experience"