review_id,region,rating,review_text
0,EU,4,"average performance"
1,APAC,3,"too expensive"
2,EU,4,"amazing display"
3,EU,5,"amazing display"
4,EU,1,"love the battery"
5,IN,5,"too expensive"
6,US,2,"poor camera"
7,EU,1,"too expensive"
8,APAC,5,"too expensive"
9,US,3,"amazing display"
10,APAC,1,"average performance"
11,IN,1,"poor camera"
12,US,1,"love the battery"
13,APAC,2,"amazing display"
14,IN,4,"too expensive"
15,EU,2,"average performance"
16,US,4,"poor camera"
17,US,2,"poor camera"
18,US,1,"amazing display"
19,APAC,5,"too expensive"
20,EU,3,"poor camera"
21,APAC,3,"great value"
22,APAC,5,"too expensive"
23,IN,4,"too expensive"
24,IN,1,"love the battery"
25,EU,4,"love the battery"
26,APAC,1,"amazing display"
27,EU,5,"amazing display"
28,IN,5,"amazing display"
29,US,2,"average performance"
30,EU,3,"great value"
31,IN,5,"great value"
32,EU,1,"poor camera"
33,US,2,"too expensive"
34,IN,2,"average performance"
35,US,5,"average performance"
36,EU,4,"poor camera"
37,US,3,"too expensive"
38,APAC,2,"poor camera"
39,EU,5,"love the battery"
40,APAC,4,"average performance"
41,APAC,1,"great value"
42,US,3,"average performance"
43,IN,1,"too expensive"
44,EU,2,"too expensive"
45,US,3,"average performance"
46,EU,2,"average performance"
47,APAC,1,"great value"
48,EU,5,"average performance"
49,APAC,1,"poor camera"
50,IN,2,"great value"
51,APAC,4,"amazing display"
52,APAC,3,"poor camera"
53,IN,2,"average performance"
54,US,4,"average performance"
55,EU,1,"great value"
56,IN,2,"amazing display"
57,APAC,3,"average performance"
58,APAC,2,"poor camera"
59,EU,1,"too expensive"
60,US,2,"love the battery"
61,APAC,2,"love the battery"
62,US,3,"poor camera"
63,IN,5,"great value"
64,APAC,4,"poor camera"
65,EU,2,"poor camera"
66,APAC,2,"average performance"
67,US,5,"average performance"
68,US,1,"too expensive"
69,APAC,1,"too expensive"
70,EU,2,"great value"
71,IN,1,"poor camera"
72,APAC,2,"great value"
73,IN,5,"amazing display"
74,APAC,5,"love the battery"
75,US,5,"amazing display"
76,IN,5,"great value"
77,IN,5,"amazing display"
78,EU,1,"amazing display"
79,IN,2,"great value"
80,US,3,"average performance"
81,APAC,1,"love the battery"
82,US,4,"amazing display"
83,US,4,"too expensive"
84,APAC,4,"love the battery"
85,EU,1,"love the battery"
86,APAC,1,"poor camera"
87,IN,5,"too expensive"
88,APAC,4,"poor camera"
89,APAC,4,"great value"
90,APAC,2,"average performance"
91,US,1,"too expensive"
92,EU,4,"great value"
93,EU,4,"average performance"
94,IN,2,"too expensive"
95,APAC,4,"great value"
96,APAC,5,"average performance"
97,US,2,"great value"
98,EU,3,"too expensive"
99,EU,1,"amazing display"
100,EU,1,"amazing display"
101,IN,5,"too expensive"
102,APAC,1,"poor camera"
103,APAC,2,"average performance"
104,IN,3,"average performance"
105,EU,3,"love the battery"
106,US,3,"amazing display"
107,IN,2,"average performance"
108,EU,2,"amazing display"
109,IN,4,"poor camera"
110,APAC,4,"too expensive"
111,APAC,4,"amazing display"
112,IN,2,"average performance"
113,APAC,5,"great value"
114,US,2,"poor camera"
115,US,3,"average performance"
116,IN,1,"love the battery"
117,US,4,"amazing display"
118,APAC,4,"poor camera"
119,US,5,"poor camera"
120,US,3,"poor camera"
121,APAC,3,"love the battery"
122,IN,2,"poor camera"
123,APAC,5,"love the battery"
124,IN,2,"too expensive"
125,APAC,5,"poor camera"
126,EU,5,"amazing display"
127,APAC,1,"average performance"
128,US,1,"too expensive"
129,EU,2,"love the battery"
130,APAC,5,"amazing display"
131,APAC,4,"average performance"
132,IN,2,"great value"
133,EU,3,"great value"
134,IN,1,"love the battery"
135,US,2,"amazing display"
136,US,2,"great value"
137,IN,3,"love the battery"
138,EU,1,"amazing display"
139,APAC,3,"average performance"
140,APAC,2,"love the battery"
141,US,2,"great value"
142,IN,4,"poor camera"
143,EU,5,"too expensive"
144,US,3,"poor camera"
145,EU,5,"love the battery"
146,IN,5,"amazing display"
147,EU,1,"average performance"
148,IN,4,"too expensive"
149,EU,4,"love the battery"
150,IN,1,"poor camera"
151,US,3,"too expensive"
152,EU,4,"average performance"
153,IN,1,"great value"
154,EU,5,"great value"
155,US,4,"average performance"
156,EU,2,"amazing display"
157,APAC,2,"poor camera"
158,IN,4,"average performance"
159,IN,1,"poor camera"
160,APAC,5,"poor camera"
161,IN,5,"average performance"
162,IN,5,"poor camera"
163,US,4,"amazing display"
164,US,2,"average performance"
165,US,2,"amazing display"
166,IN,5,"great value"
167,US,2,"poor camera"
168,APAC,5,"average performance"
169,APAC,4,"poor camera"
170,EU,3,"poor camera"
171,APAC,4,"poor camera"
172,APAC,4,"great value"
173,US,5,"too expensive"
174,EU,1,"great value"
175,APAC,3,"average performance"
176,EU,2,"poor camera"
177,APAC,2,"too expensive"
178,US,1,"average performance"
179,IN,5,"too expensive"
180,EU,4,"poor camera"
181,APAC,1,"love the battery"
182,IN,2,"too expensive"
183,IN,4,"great value"
184,APAC,5,"average performance"
185,APAC,5,"average performance"
186,US,3,"love the battery"
187,IN,3,"average performance"
188,APAC,1,"poor camera"
189,IN,1,"average performance"
190,IN,2,"average performance"
191,EU,2,"great value"
192,US,5,"great value"
193,EU,5,"poor camera"
194,EU,4,"average performance"
195,APAC,2,"love the battery"
196,IN,5,"great value"
197,US,2,"poor camera"
198,IN,1,"great value"
199,APAC,1,"love the battery"
200,US,2,"amazing display"
201,APAC,4,"amazing display"
202,IN,4,"average performance"
203,US,3,"poor camera"
204,IN,4,"too expensive"
205,APAC,5,"amazing display"
206,EU,4,"poor camera"
207,US,4,"poor camera"
208,US,3,"too expensive"
209,EU,2,"love the battery"
210,IN,3,"average performance"
211,IN,3,"poor camera"
212,US,4,"poor camera"
213,EU,2,"love the battery"
214,EU,2,"poor camera"
215,US,2,"amazing display"
216,US,4,"love the battery"
217,US,2,"average performance"
218,EU,5,"love the battery"
219,US,2,"poor camera"
220,US,2,"poor camera"
221,APAC,5,"amazing display"
222,US,4,"great value"
223,IN,3,"too expensive"
224,US,5,"too expensive"
225,US,4,"amazing display"
226,APAC,2,"love the battery"
227,US,3,"too expensive"
228,IN,5,"poor camera"
229,IN,3,"great value"
230,APAC,3,"too expensive"
231,IN,1,"love the battery"
232,IN,5,"love the battery"
233,APAC,3,"poor camera"
234,EU,3,"great value"
235,APAC,1,"great value"
236,APAC,2,"love the battery"
237,IN,4,"amazing display"
238,US,4,"poor camera"
239,IN,2,"love the battery"
240,APAC,3,"amazing display"
241,IN,4,"poor camera"
242,US,4,"amazing display"
243,EU,2,"love the battery"
244,EU,2,"poor camera"
245,IN,1,"average performance"
246,EU,4,"poor camera"
247,IN,5,"too expensive"
248,EU,3,"average performance"
249,EU,3,"too expensive"
250,EU,3,"great value"
251,EU,3,"average performance"
252,US,1,"poor camera"
253,IN,3,"amazing display"
254,APAC,2,"average performance"
255,APAC,1,"average performance"
256,IN,3,"poor camera"
257,EU,1,"love the battery"
258,EU,4,"poor camera"
259,APAC,5,"poor camera"
260,EU,4,"too expensive"
261,IN,2,"amazing display"
262,APAC,1,"poor camera"
263,US,1,"poor camera"
264,APAC,1,"too expensive"
265,US,1,"average performance"
266,IN,1,"poor camera"
267,IN,4,"average performance"
268,IN,4,"too expensive"
269,US,3,"great value"
270,US,4,"great value"
271,APAC,3,"average performance"
272,IN,3,"poor camera"
273,IN,3,"poor camera"
274,EU,1,"great value"
275,EU,1,"great value"
276,US,2,"great value"
277,EU,5,"love the battery"
278,US,1,"poor camera"
279,IN,5,"average performance"
280,EU,2,"great value"
281,EU,5,"poor camera"
282,US,2,"average performance"
283,IN,4,"great value"
284,IN,2,"average performance"
285,APAC,4,"great value"
286,US,2,"great value"
287,IN,2,"great value"
288,APAC,2,"love the battery"
289,APAC,4,"average performance"
290,EU,2,"average performance"
291,APAC,1,"too expensive"
292,APAC,1,"average performance"
293,APAC,2,"amazing display"
294,US,5,"love the battery"
295,US,3,"amazing display"
296,EU,1,"average performance"
297,US,4,"love the battery"
298,APAC,3,"amazing display"
299,APAC,4,"too expensive"
300,IN,2,"amazing display"
301,IN,2,"great value"
302,US,2,"poor camera"
303,APAC,3,"amazing display"
304,IN,3,"too expensive"
305,US,3,"amazing display"
306,US,1,"average performance"
307,EU,2,"too expensive"
308,IN,4,"great value"
309,EU,5,"too expensive"
310,IN,2,"average performance"
311,IN,3,"amazing display"
312,APAC,5,"too expensive"
313,EU,3,"poor camera"
314,EU,5,"amazing display"
315,EU,1,"average performance"
316,EU,3,"too expensive"
317,APAC,5,"amazing display"
318,IN,2,"amazing display"
319,IN,1,"amazing display"
320,US,3,"amazing display"
321,US,2,"amazing display"
322,EU,1,"amazing display"
323,EU,4,"average performance"
324,APAC,4,"great value"
325,EU,4,"poor camera"
326,US,3,"too expensive"
327,APAC,2,"average performance"
328,IN,4,"too expensive"
329,IN,5,"average performance"
330,EU,1,"average performance"
331,IN,3,"great value"
332,IN,5,"too expensive"
333,US,3,"average performance"
334,EU,2,"poor camera"
335,US,3,"average performance"
336,EU,2,"amazing display"
337,EU,3,"amazing display"
338,US,1,"love the battery"
339,APAC,5,"amazing display"
340,EU,2,"too expensive"
341,APAC,3,"too expensive"
342,US,2,"poor camera"
343,EU,5,"too expensive"
344,APAC,2,"too expensive"
345,APAC,3,"love the battery"
346,EU,5,"poor camera"
347,US,1,"great value"
348,US,1,"too expensive"
349,IN,5,"too expensive"
350,APAC,3,"love the battery"
351,APAC,1,"amazing display"
352,IN,2,"great value"
353,APAC,1,"great value"
354,US,4,"too expensive"
355,APAC,4,"too expensive"
356,IN,5,"love the battery"
357,APAC,2,"average performance"
358,US,5,"great value"
359,EU,4,"great value"
360,IN,5,"amazing display"
361,APAC,2,"average performance"
362,APAC,4,"great value"
363,EU,3,"great value"
364,IN,3,"average performance"
365,APAC,1,"average performance"
366,US,3,"love the battery"
367,US,4,"average performance"
368,APAC,3,"too expensive"
369,IN,4,"poor camera"
370,IN,1,"poor camera"
371,EU,5,"average performance"
372,US,2,"great value"
373,APAC,5,"amazing display"
374,APAC,4,"love the battery"
375,EU,1,"amazing display"
376,APAC,4,"poor camera"
377,APAC,2,"poor camera"
378,IN,2,"love the battery"
379,EU,2,"love the battery"
380,IN,5,"too expensive"
381,EU,5,"love the battery"
382,APAC,3,"love the battery"
383,IN,1,"average performance"
384,EU,4,"too expensive"
385,APAC,3,"love the battery"
386,IN,4,"average performance"
387,IN,1,"love the battery"
388,EU,1,"too expensive"
389,APAC,3,"average performance"
390,APAC,1,"amazing display"
391,IN,1,"great value"
392,IN,3,"poor camera"
393,US,2,"amazing display"
394,EU,5,"love the battery"
395,IN,5,"poor camera"
396,APAC,5,"amazing display"
397,EU,1,"love the battery"
398,IN,4,"average performance"
399,US,5,"great value"
400,APAC,4,"too expensive"
401,IN,1,"too expensive"
402,IN,2,"amazing display"
403,IN,2,"love the battery"
404,EU,4,"average performance"
405,APAC,5,"poor camera"
406,US,5,"love the battery"
407,APAC,3,"love the battery"
408,EU,2,"great value"
409,US,2,"average performance"
410,EU,4,"average performance"
411,EU,2,"great value"
412,APAC,3,"love the battery"
413,EU,2,"average performance"
414,IN,3,"too expensive"
415,IN,3,"great value"
416,APAC,3,"poor camera"
417,EU,3,"amazing display"
418,US,3,"poor camera"
419,IN,5,"amazing display"
420,APAC,2,"average performance"
421,IN,3,"poor camera"
422,US,5,"love the battery"
423,US,4,"poor camera"
424,APAC,4,"too expensive"
425,EU,5,"too expensive"
426,APAC,2,"poor camera"
427,US,3,"too expensive"
428,US,5,"amazing display"
429,APAC,3,"great value"
430,APAC,1,"great value"
431,US,3,"poor camera"
432,IN,4,"average performance"
433,EU,1,"great value"
434,IN,4,"average performance"
435,IN,4,"poor camera"
436,APAC,3,"average performance"
437,APAC,2,"average performance"
438,EU,5,"poor camera"
439,APAC,5,"love the battery"
440,APAC,2,"love the battery"
441,IN,2,"too expensive"
442,IN,5,"too expensive"
443,APAC,3,"love the battery"
444,EU,4,"great value"
445,EU,5,"love the battery"
446,IN,3,"great value"
447,IN,5,"average performance"
448,US,2,"average performance"
449,US,4,"great value"
450,APAC,1,"poor camera"
451,US,1,"poor camera"
452,EU,4,"love the battery"
453,APAC,2,"amazing display"
454,EU,1,"too expensive"
455,US,5,"love the battery"
456,APAC,4,"amazing display"
457,US,2,"too expensive"
458,APAC,5,"poor camera"
459,EU,1,"love the battery"
460,IN,2,"poor camera"
461,IN,5,"average performance"
462,US,3,"poor camera"
463,APAC,3,"average performance"
464,APAC,1,"average performance"
465,IN,5,"amazing display"
466,APAC,4,"great value"
467,US,4,"poor camera"
468,US,2,"great value"
469,APAC,4,"love the battery"
470,IN,5,"great value"
471,APAC,5,"love the battery"
472,US,3,"poor camera"
473,APAC,3,"too expensive"
474,US,3,"love the battery"
475,EU,3,"amazing display"
476,APAC,1,"average performance"
477,EU,3,"great value"
478,US,4,"too expensive"
479,US,2,"great value"
480,US,2,"poor camera"
481,EU,2,"too expensive"
482,APAC,5,"love the battery"
483,IN,4,"amazing display"
484,EU,2,"love the battery"
485,IN,1,"too expensive"
486,US,3,"great value"
487,IN,1,"poor camera"
488,IN,2,"amazing display"
489,APAC,3,"poor camera"
490,APAC,3,"love the battery"
491,IN,2,"too expensive"
492,EU,4,"amazing display"
493,APAC,1,"average performance"
494,IN,5,"great value"
495,EU,4,"amazing display"
496,APAC,5,"too expensive"
497,EU,2,"love the battery"
498,APAC,4,"great value"
499,APAC,1,"amazing display"
500,IN,5,"love the battery"
501,IN,2,"poor camera"
502,US,1,"poor camera"
503,US,5,"great value"
504,US,4,"love the battery"
505,IN,5,"amazing display"
506,US,2,"great value"
507,APAC,1,"great value"
508,APAC,2,"too expensive"
509,US,2,"amazing display"
510,APAC,2,"too expensive"
511,EU,3,"poor camera"
512,EU,2,"poor camera"
513,EU,3,"great value"
514,EU,5,"too expensive"
515,APAC,1,"amazing display"
516,US,2,"too expensive"
517,US,4,"love the battery"
518,IN,2,"great value"
519,APAC,2,"amazing display"
520,APAC,2,"love the battery"
521,IN,1,"amazing display"
522,US,4,"average performance"
523,US,5,"poor camera"
524,US,2,"great value"
525,IN,3,"great value"
526,EU,2,"amazing display"
527,IN,3,"average performance"
528,APAC,5,"love the battery"
529,IN,1,"amazing display"
530,APAC,4,"great value"
531,US,5,"amazing display"
532,IN,1,"great value"
533,IN,1,"amazing display"
534,APAC,4,"average performance"
535,IN,4,"poor camera"
536,US,1,"poor camera"
537,US,1,"poor camera"
538,US,1,"too expensive"
539,APAC,5,"great value"
540,APAC,4,"too expensive"
541,APAC,2,"poor camera"
542,US,5,"poor camera"
543,US,5,"poor camera"
544,APAC,3,"poor camera"
545,EU,1,"love the battery"
546,US,4,"poor camera"
547,APAC,4,"love the battery"
548,EU,3,"amazing display"
549,APAC,2,"poor camera"
550,US,4,"too expensive"
551,EU,1,"amazing display"
552,EU,1,"love the battery"
553,APAC,4,"love the battery"
554,US,5,"too expensive"
555,US,4,"love the battery"
556,IN,2,"love the battery"
557,EU,5,"average performance"
558,EU,1,"average performance"
559,IN,3,"average performance"
560,APAC,2,"poor camera"
561,US,1,"amazing display"
562,APAC,3,"too expensive"
563,APAC,4,"amazing display"
564,EU,5,"amazing display"
565,IN,3,"great value"
566,APAC,3,"average performance"
567,APAC,1,"poor camera"
568,EU,5,"great value"
569,US,3,"great value"
570,EU,4,"great value"
571,US,1,"amazing display"
572,APAC,2,"average performance"
573,IN,4,"too expensive"
574,IN,5,"amazing display"
575,US,2,"love the battery"
576,EU,4,"love the battery"
577,APAC,2,"love the battery"
578,APAC,3,"amazing display"
579,APAC,5,"too expensive"
580,EU,4,"love the battery"
581,US,3,"amazing display"
582,IN,1,"too expensive"
583,EU,3,"great value"
584,US,2,"love the battery"
585,EU,1,"love the battery"
586,EU,4,"amazing display"
587,IN,1,"love the battery"
588,IN,3,"average performance"
589,IN,1,"poor camera"
590,APAC,2,"amazing display"
591,US,3,"too expensive"
592,EU,3,"love the battery"
593,EU,4,"average performance"
594,US,4,"love the battery"
595,EU,5,"love the battery"
596,IN,1,"average performance"
597,US,4,"poor camera"
598,US,4,"poor camera"
599,EU,4,"amazing display"
600,EU,3,"amazing display"
601,APAC,3,"love the battery"
602,US,1,"amazing display"
603,US,1,"too expensive"
604,IN,4,"amazing display"
605,EU,4,"amazing display"
606,EU,1,"too expensive"
607,EU,5,"too expensive"
608,EU,3,"amazing display"
609,APAC,3,"average performance"
610,US,2,"average performance"
611,APAC,5,"too expensive"
612,US,1,"love the battery"
613,EU,3,"love the battery"
614,IN,2,"average performance"
615,US,5,"average performance"
616,IN,4,"love the battery"
617,US,2,"poor camera"
618,IN,2,"poor camera"
619,IN,1,"amazing display"
620,US,2,"average performance"
621,IN,1,"amazing display"
622,EU,1,"average performance"
623,US,3,"amazing display"
624,IN,1,"too expensive"
625,APAC,5,"average performance"
626,IN,1,"poor camera"
627,IN,5,"love the battery"
628,EU,1,"poor camera"
629,EU,3,"too expensive"
630,EU,4,"poor camera"
631,IN,2,"too expensive"
632,APAC,3,"too expensive"
633,IN,2,"amazing display"
634,APAC,5,"poor camera"
635,IN,5,"love the battery"
636,IN,3,"too expensive"
637,APAC,5,"too expensive"
638,IN,2,"poor camera"
639,EU,1,"great value"
640,EU,1,"too expensive"
641,APAC,2,"average performance"
642,EU,2,"too expensive"
643,US,5,"amazing display"
644,US,1,"poor camera"
645,APAC,2,"poor camera"
646,EU,4,"too expensive"
647,EU,3,"too expensive"
648,US,2,"amazing display"
649,US,3,"average performance"
650,APAC,3,"great value"
651,EU,3,"average performance"
652,EU,5,"too expensive"
653,US,1,"amazing display"
654,IN,2,"too expensive"
655,APAC,1,"average performance"
656,US,5,"amazing display"
657,EU,5,"great value"
658,EU,4,"too expensive"
659,IN,1,"amazing display"
660,IN,2,"too expensive"
661,US,2,"average performance"
662,IN,3,"love the battery"
663,APAC,4,"love the battery"
664,EU,1,"love the battery"
665,APAC,5,"amazing display"
666,US,4,"poor camera"
667,IN,4,"great value"
668,US,3,"average performance"
669,EU,2,"poor camera"
670,US,4,"average performance"
671,APAC,4,"amazing display"
672,IN,1,"love the battery"
673,EU,1,"great value"
674,EU,3,"poor camera"
675,IN,4,"great value"
676,IN,2,"average performance"
677,APAC,5,"poor camera"
678,IN,1,"amazing display"
679,APAC,5,"average performance"
680,EU,2,"great value"
681,EU,3,"amazing display"
682,US,4,"great value"
683,IN,1,"great value"
684,IN,4,"too expensive"
685,APAC,3,"poor camera"
686,IN,5,"average performance"
687,IN,4,"love the battery"
688,EU,5,"amazing display"
689,EU,2,"great value"
690,EU,1,"love the battery"
691,APAC,3,"amazing display"
692,EU,1,"too expensive"
693,EU,5,"great value"
694,EU,5,"poor camera"
695,US,1,"amazing display"
696,IN,2,"average performance"
697,IN,4,"too expensive"
698,EU,2,"poor camera"
699,US,4,"poor camera"
700,EU,4,"amazing display"
701,APAC,2,"great value"
702,US,3,"love the battery"
703,EU,2,"average performance"
704,APAC,3,"love the battery"
705,IN,4,"average performance"
706,IN,1,"average performance"
707,US,3,"amazing display"
708,EU,4,"amazing display"
709,APAC,2,"poor camera"
710,APAC,3,"great value"
711,EU,3,"great value"
712,EU,2,"too expensive"
713,US,4,"love the battery"
714,APAC,1,"too expensive"
715,EU,5,"too expensive"
716,US,1,"great value"
717,US,3,"love the battery"
718,IN,3,"average performance"
719,IN,3,"average performance"
720,US,1,"love the battery"
721,IN,3,"love the battery"
722,US,4,"great value"
723,EU,2,"amazing display"
724,US,5,"average performance"
725,US,5,"amazing display"
726,EU,2,"too expensive"
727,IN,3,"love the battery"
728,EU,4,"great value"
729,EU,2,"great value"
730,IN,3,"love the battery"
731,IN,3,"great value"
732,EU,5,"love the battery"
733,IN,4,"too expensive"
734,US,4,"average performance"
735,EU,1,"great value"
736,IN,4,"average performance"
737,APAC,5,"love the battery"
738,APAC,4,"amazing display"
739,IN,3,"average performance"
740,APAC,5,"too expensive"
741,IN,2,"love the battery"
742,US,5,"average performance"
743,EU,1,"too expensive"
744,APAC,1,"love the battery"
745,EU,2,"great value"
746,EU,1,"great value"
747,APAC,2,"great value"
748,IN,5,"love the battery"
749,IN,5,"too expensive"
750,EU,5,"too expensive"
751,APAC,1,"amazing display"
752,US,5,"poor camera"
753,IN,4,"love the battery"
754,US,4,"poor camera"
755,US,4,"average performance"
756,US,4,"amazing display"
757,APAC,1,"average performance"
758,EU,3,"love the battery"
759,US,3,"average performance"
760,APAC,1,"average performance"
761,APAC,5,"poor camera"
762,IN,2,"love the battery"
763,APAC,1,"love the battery"
764,APAC,3,"poor camera"
765,IN,1,"poor camera"
766,US,1,"love the battery"
767,APAC,5,"amazing display"
768,US,1,"average performance"
769,APAC,3,"average performance"
770,APAC,2,"great value"
771,IN,1,"amazing display"
772,IN,4,"amazing display"
773,EU,5,"too expensive"
774,APAC,4,"love the battery"
775,EU,5,"amazing display"
776,EU,1,"great value"
777,IN,2,"too expensive"
778,APAC,5,"poor camera"
779,US,5,"amazing display"
780,EU,2,"too expensive"
781,US,5,"too expensive"
782,US,2,"love the battery"
783,EU,3,"amazing display"
784,EU,5,"amazing display"
785,APAC,1,"average performance"
786,EU,1,"average performance"
787,IN,4,"amazing display"
788,APAC,5,"love the battery"
789,APAC,2,"too expensive"
790,IN,1,"amazing display"
791,IN,1,"love the battery"
792,APAC,2,"too expensive"
793,IN,2,"poor camera"
794,US,3,"poor camera"
795,APAC,2,"too expensive"
796,US,3,"love the battery"
797,IN,4,"average performance"
798,APAC,4,"poor camera"
799,EU,2,"love the battery"